"id","Max_Value"
1001,-0.131775079016501
1003,0.0915069493159634
1005,0.304447910211545
1007,1.14109942040565
1009,1.44937831175298
1011,1.22688399133703
1013,2.80040620988716
1015,0.187519040343824
1017,0.462382577447321
1019,0.60574161898399
1021,1.70577314980223
1023,2.1068521547207
1025,2.38864485393895
1027,0.461063455844962
1029,1.54834309026384
1031,-0.0797674986722302
1033,0.674776623373082
1035,5.90284318008833
1037,2.28810744171769
1039,-0.0180891550175975
1041,1.64626092727612
1043,0.761724367293302
1045,0.843446726189314
1047,1.00954313947527
1049,0.410827948580014
1051,0.624717628323671
1053,0.468921218802822
1055,0.569164387382584
1057,2.12296382175361
1059,3.54495667112156
1061,0.576597712932193
1063,7.94843299406298
1065,3.89894835998403
1067,1.98638557588665
1069,1.12979741182542
1071,1.12363818110827
1073,-0.0634836926840124
1075,5.07722247241156
1077,0.913377404335659
1079,-0.177811699392623
1081,0.804882936841229
1083,1.01933874590807
1085,6.47398149821537
1087,4.65505868048323
1089,0.14863797404427
1091,3.3409143611519
1093,0.294521189913251
1095,0.343085588541456
1097,0.0834193512263726
1099,3.81119284057712
1101,0.402580291862891
1103,0.452571241846337
1105,4.18402602436706
1107,1.1382138946115
1109,1.23716641051167
1111,1.40458548079793
1113,0.95095010113801
1115,0.647492745872568
1117,0.0726534726808084
1119,5.53396932784866
1121,1.30464893406561
1123,0.63717916930948
1125,0.50623332464581
1127,0.464377003194254
1129,0.595516890636913
1131,6.54660661084122
1133,0.736408800940561
2013,1.26549830760169
2016,3.02355478461037
2020,0.0184839261255445
2050,5.44103453997734
2060,-0.177811699392623
2068,-0.177811699392623
2070,3.34930430067039
2090,0.292108004584971
2100,4.88413610403076
2110,0.0750484377000792
2122,1.93349055641208
2130,1.21562852608488
2150,1.53621718043152
2164,22.8265132496198
2170,1.23501352231206
2180,2.73934053074043
2185,2.78692508279087
2188,3.81212140854408
2201,2.64181502833679
2220,3.15779657725348
2232,3.10862125629471
2240,2.17717606432857
2261,1.92513067571169
2270,6.8361252478694
2280,2.26406376840588
2282,-0.177811699392623
2290,9.06681181185592
4001,0.867511326230013
4003,0.29680853956542
4005,0.309416452021055
4007,1.12603654397837
4009,-0.037283362040631
4011,3.36576479649641
4012,1.49058128192803
4013,-0.177811699392623
4015,-0.0602816300906992
4017,0.913715693373506
4019,-0.0488334268132931
4021,0.253676270894041
4023,0.466377618763575
4025,0.0115787701079675
4027,0.402380758731618
5001,1.19584691341545
5003,3.13123556219011
5005,0.130737157361636
5007,0.0212831824557038
5009,0.136277819250929
5011,0.857975472367872
5013,2.1771267906719
5015,2.51913968508882
5017,6.66902590887716
5019,0.890119246651293
5021,1.39441980135128
5023,0.270849103081038
5025,1.17449121928684
5027,0.0158803543890047
5029,0.78250686810136
5031,0.228787722385792
5033,0.546535219421343
5035,1.03489954604073
5037,1.10589191719135
5039,3.08454769474714
5041,4.79318026630019
5043,1.36951277872095
5045,0.358336044331111
5047,0.984432438143135
5049,0.562588346931987
5051,0.192950242804555
5053,0.855575427097503
5055,2.13879445423754
5057,1.13208359336441
5059,0.12244848295928
5061,2.32413298211729
5063,-0.0457148309698603
5065,1.7179104952321
5067,0.267735392795267
5069,1.01281549659505
5071,0.144286891552143
5073,3.84375078877181
5075,2.67707876466294
5077,2.4169130546415
5079,3.27804864675604
5081,2.76638777674868
5083,0.966593540488022
5085,0.311820690732271
5087,6.08365989160626
5089,1.06493525312132
5091,-0.0273558988569794
5093,3.12746962999635
5095,2.09006183527379
5097,1.54676362447524
5099,2.49112576062917
5101,1.89475891536685
5103,-0.177811699392623
5105,2.21986305435453
5107,1.48602186482191
5109,2.48389146549342
5111,1.39586295034285
5113,3.19515659048972
5115,1.63575560808203
5117,1.30574397507323
5119,0.100517268502974
5121,1.12930148211213
5123,4.46618355589196
5125,0.22625807217363
5127,1.20316777223291
5129,3.87149309250813
5131,0.402390605923124
5133,2.17884713405531
5135,0.986726396054378
5137,0.00109742970353182
5139,0.906915491494044
5141,1.47324463459823
5143,0.053478360968613
5145,0.627576706448794
5147,1.93887080416061
5149,0.954190107665045
6001,-0.0688234376872899
6003,2.65496029847719
6005,0.062534715865473
6007,-0.109153112077714
6009,-0.0643929852528904
6011,0.762089734694218
6013,0.07066830659559
6015,-0.177811699392623
6017,0.108832063760592
6019,0.0318717327413161
6021,0.510627854099682
6023,0.119170593549698
6025,0.689160533451188
6027,0.756354243705195
6029,-0.0342922255319011
6031,0.741106767852529
6033,-0.177811699392623
6035,-0.177811699392623
6037,-0.174796634960844
6039,0.618766421003812
6041,-0.0236060590342626
6043,-0.0805717625475255
6045,0.28738729548655
6047,0.226769233270649
6049,0.504031926804472
6051,0.614891350954343
6053,0.186462938850931
6055,-0.177811699392623
6057,-0.177811699392623
6059,-0.167786473332031
6061,-0.16130396095999
6063,0.562795244515431
6065,-0.157097718937027
6067,-0.10873532655575
6069,0.267661963074048
6071,-0.137959904314054
6073,-0.165557469836423
6075,0.336189893156264
6077,0.203716967862187
6079,-0.115573424320367
6081,0.00696458117926463
6083,0.174550936776917
6085,-0.177811699392623
6087,0.291775167953973
6089,-0.0464891461184858
6091,1.40347234514267
6093,0.202841192422328
6095,0.160206264700403
6097,0.00906953881991638
6099,-0.0585261550334251
6101,0.0875511570939622
6103,0.980205064675681
6105,-0.0326016844823197
6107,-0.0218622291761857
6109,-0.177811699392623
6111,-0.091090051479663
6113,-0.031223476935711
6115,0.954005798221205
8001,-0.0278159690930234
8003,6.7414190510901
8005,0.0988401551559896
8007,0.99176411933356
8009,2.50743786368636
8011,1.92602888785801
8013,0.0104230825834111
8014,-0.177811699392623
8015,0.769583897363925
8017,2.62679617003372
8019,2.79941625173204
8021,6.98315699468285
8023,11.6733525908863
8025,1.86440641775454
8027,0.825410207017381
8029,0.474309242325171
8031,0.0750274467688414
8033,3.01083722960475
8035,-0.0235652515679073
8037,0.0493799796850254
8039,0.612729843203948
8041,-0.0587824429530498
8043,0.223476526158694
8045,1.42557838375138
8047,9.48866588438787
8049,0.146822391003697
8051,1.1021565261232
8053,-0.177811699392623
8055,1.14317328712165
8057,3.74308530600503
8059,-0.147159263407062
8061,1.86703805776178
8063,5.28725120914929
8065,5.9581153962616
8067,-0.0430622401233482
8069,-0.155099063768733
8071,1.38468820607464
8073,0.380303985736266
8075,3.24745270524839
8077,0.206560686417323
8079,4.59263716194902
8081,2.07412835324584
8083,2.65847905818161
8085,0.0772563072674491
8087,0.647808934787282
8089,1.07814989782733
8091,1.74746120821802
8093,0.324037538068531
8095,0.956448566419411
8097,1.19777694863266
8099,2.36776746343513
8101,0.42104767050189
8103,2.88675574618853
8105,3.11881716417891
8107,0.570937860050699
8109,1.10887656170836
8111,-0.177811699392623
8113,2.18865129477111
8115,2.41485023938383
8117,1.0426095863095
8119,0.714320797198665
8121,3.10562795518099
8123,0.116067602450561
8125,0.948219906318305
9001,-0.137993010635858
9003,-0.0378288195772744
9005,0.205736593533775
9007,-0.177811699392623
9009,-0.0646050858618051
9011,-0.100577866159556
9013,0.154074779459574
9015,-0.177811699392623
10001,0.78790454770895
10003,0.0398392154771895
10005,0.491072911644354
11001,0.212321965537729
12001,0.450490876900853
12003,3.1780796634125
12005,0.483211038551608
12007,3.33791207333548
12009,0.0251849127996897
12011,-0.122201321440774
12013,0.350962782646939
12015,0.157713434672902
12017,-0.177811699392623
12019,0.219801897988673
12021,0.163438326641037
12023,0.804508792474651
12027,0.752869739173052
12029,1.35792614920716
12031,-0.0527676464322785
12033,0.0397271120306098
12035,-0.177811699392623
12037,0.869307481222715
12039,1.79604388652402
12041,1.37180213626392
12043,3.44578567981672
12045,3.46622160186324
12047,1.96451092703403
12049,3.77673722168929
12051,2.01810554555668
12053,0.38429834297829
12055,0.575043221072919
12057,-0.0825577491923264
12059,2.81151217002353
12061,0.148319661319801
12063,0.0588507963484279
12065,2.92323356823925
12067,0.650094248733507
12069,-0.0048019509618533
12071,0.099958012980705
12073,0.289749752288463
12075,-0.00193070760882702
12077,0.942390227369371
12079,1.54813147124724
12081,0.0174826153116033
12083,0.0845394571136283
12085,0.593987440559041
12086,-0.13998856709796
12087,1.19579912347462
12089,0.701263221716255
12091,0.0524022533523295
12093,0.686867960686256
12095,-0.107535045314682
12097,0.228014325406889
12099,-0.0857152399659688
12101,-0.177811699392623
12103,-0.0906579561269009
12105,-0.0619406110777943
12107,0.698968178628685
12109,-0.177811699392623
12111,0.456339873424279
12113,0.129251892869822
12115,-0.0305896057925644
12117,0.0384945065573928
12119,0.662314428082106
12121,2.12998671776571
12123,4.09683269969549
12125,35.1686157759158
12127,-0.0800068496175604
12129,2.22094177749882
12131,-0.0437876612748002
12133,1.99371901656571
13001,7.70484925007006
13003,1.54866252040778
13005,1.1808404746154
13007,3.10304385132653
13009,1.85539939234052
13011,0.762877437279284
13013,0.448307231156274
13015,0.245178797392177
13017,5.03340286111676
13019,1.30487813855282
13021,0.955524349754792
13023,0.930865617279695
13025,1.61280082515463
13027,1.65694651003495
13029,1.18626152457043
13031,1.24811523767956
13033,4.15197506049018
13035,3.80779402162933
13037,9.3527617838819
13039,-0.177811699392623
13043,1.85553281563816
13045,0.260856851946084
13047,0.989203797591613
13049,6.76289666143312
13051,0.799002225486605
13053,2.25705181072726
13055,2.37677200273941
13057,0.0498540545496144
13059,0.934928778993562
13061,3.82507925647404
13063,0.341313578747242
13065,1.48072825387503
13067,0.00421598652065231
13069,1.73924684803149
13071,1.25467843607772
13073,0.592549626922455
13075,3.29992170168983
13077,0.33471628616539
13079,1.77424668857633
13081,2.96027874232884
13083,0.981456003186476
13085,0.933187655260465
13087,1.39232408675546
13089,0.135063877240456
13091,1.50563098037934
13093,1.29781111115294
13095,0.522641786431143
13097,0.776308042515023
13099,4.84648721437723
13101,0.898779135609217
13103,0.0375317796420392
13105,2.79551025789591
13107,4.60723953504075
13109,6.89039267624091
13111,2.91059794636525
13113,0.253219552314708
13115,0.302268575924556
13117,0.312237385351467
13119,1.7615270622505
13121,0.105569054245163
13123,2.85753982926816
13125,2.59728055047962
13127,1.55615076956533
13129,1.10705910824458
13131,2.87562916194203
13133,3.65001856277963
13135,0.012779351887315
13137,1.51342653464317
13139,0.824949703604766
13141,1.00593166267742
13143,0.321055831036474
13145,0.0954735683096159
13147,0.720254745290441
13149,4.94920180792285
13151,0.594280428936104
13153,0.864866675793494
13155,3.2174606018818
13157,0.933077452940634
13159,0.849122417465752
13161,4.4015809911713
13163,6.60596132897215
13165,4.96987370878539
13167,1.35786338910724
13169,0.748022153659494
13171,0.6609710569789
13173,1.23543404942655
13175,1.12115701135209
13177,0.194792160274751
13179,2.55965660100633
13181,1.94297437386012
13183,2.70519443794365
13185,1.37459557114536
13187,0.623038759846242
13189,4.05872738901914
13191,4.4233235901855
13193,2.43748962780917
13195,0.545315911899636
13197,8.9198434673264
13199,2.89617148743327
13201,1.58646468258441
13205,2.500928895573
13207,0.705063130271516
13209,1.25236419892761
13211,2.21977212175153
13213,-0.0991436975932018
13215,0.430488384189676
13217,0.402053179827333
13219,2.24934855455355
13221,1.66300965887421
13223,0.462655360705302
13225,3.51243163102008
13227,2.69079480749363
13229,1.08811487733361
13231,0.365751076014458
13233,1.2976497192775
13235,3.51401501750054
13237,1.78612629399691
13239,4.21690715300279
13241,1.22552961321899
13243,5.96913028801994
13245,0.328837596283354
13247,0.813796333478243
13249,2.73488824640489
13251,2.15189126511734
13253,5.66664690819279
13255,2.12642343693302
13257,0.382163589450908
13259,2.15376692650339
13261,0.0800463740540008
13263,3.99622105823684
13265,4.38757749886875
13267,3.43586597063051
13269,2.44962555174359
13271,2.77129291786759
13273,5.55468470879212
13275,1.54073890924041
13277,0.997138798401564
13279,1.57953066536936
13281,1.09585820466368
13283,8.69412589436538
13285,2.02230523801451
13287,3.30030810363211
13289,1.31286661470911
13291,0.628450521874446
13293,1.0126831528006
13295,1.15961595353959
13297,0.788887412919085
13299,1.6460258368239
13301,1.81551958385014
13303,3.89012892187656
13305,1.19390110338727
13307,4.20429487903917
13309,1.47306854787722
13311,3.0024796827235
13313,1.03393189847257
13315,8.75302799122109
13317,3.25982019717319
13319,3.36624003504381
13321,2.54596510414656
15001,-0.0699191087045615
15003,-0.177811699392623
15005,-0.177811699392623
15007,-0.177811699392623
15009,-0.11676207007651
16001,-0.101363226584481
16003,1.34246886961552
16005,0.60818445613366
16007,8.09093684215432
16009,0.874314188953577
16011,0.341736670840905
16013,1.34445070744717
16015,1.16084202668269
16017,-0.110899422616915
16019,0.622774487193729
16021,1.52590418572627
16023,1.57223689323911
16025,1.68815151905698
16027,1.05475129269293
16029,3.93105061192517
16031,4.43349818655785
16033,3.06300434401905
16035,1.91731025121327
16037,0.997301523660465
16039,3.9405955866056
16041,7.44168551983485
16043,1.62549049286767
16045,0.590843771826208
16047,1.85289078848444
16049,1.62901063138612
16051,2.95833369936467
16053,2.99595925443508
16055,0.166310356493747
16057,-0.0953108100148607
16059,2.21849829641782
16061,1.24002683650259
16063,0.718128181747429
16065,3.71039313159611
16067,4.45726617773497
16069,0.203624673185018
16071,0.696588057491085
16073,0.872904028192058
16075,2.19466651074157
16077,2.76166450869103
16079,1.80415376367592
16081,2.71732537313869
16083,0.691433795589088
16085,2.98993637607488
16087,0.26248261118147
17001,0.911066558636594
17003,3.17993858796784
17005,0.98342485688921
17007,-0.177811699392623
17009,1.49683759435606
17011,-0.0308118932187881
17013,0.924734864821004
17015,0.603471340289188
17017,0.503926404114794
17019,0.614264911480485
17021,0.114797217093463
17023,1.03575735596022
17025,0.845701749714009
17027,-0.092207785414246
17029,1.38070279757896
17031,-0.177811699392623
17033,0.380588999308347
17035,1.1155022316852
17037,0.344626547073803
17039,0.579903687398625
17041,0.575184694674923
17043,-0.100179647977583
17045,0.578078043824059
17047,0.41460567404524
17049,1.98857657823601
17051,0.630148707333772
17053,-0.0496576278787099
17055,1.40394832797473
17057,-0.17256458433298
17059,2.22280978183969
17061,0.80348486272949
17063,-0.177811699392623
17065,1.6340329324052
17067,0.295664216100197
17069,2.27767460400628
17071,2.19705130472039
17073,1.69701774279688
17075,0.0396550867993324
17077,-0.177811699392623
17079,0.390602663134347
17081,-0.15925535481872
17083,0.823007227743687
17085,0.567020828555043
17087,0.559246240487483
17089,0.0491970036142501
17091,0.470058216929398
17093,0.651915324648071
17095,1.13367159318753
17097,-0.106992132718088
17099,0.461176151196872
17101,1.14397844945497
17103,0.0736917689053681
17105,0.921693291032222
17107,-0.0828233000083797
17109,0.023804016214482
17111,-0.021401321792106
17113,0.0953325474227949
17115,0.645348823955595
17117,-0.177811699392623
17119,0.162926925984388
17121,-0.117975946755364
17123,0.650944590681953
17125,1.11937351087977
17127,0.13987554037295
17129,0.0692426734094245
17131,-0.177811699392623
17133,-0.177811699392623
17135,0.25229324983476
17137,-0.0606949358560781
17139,0.548792973389794
17141,0.284429417540627
17143,0.318743148756178
17145,0.135994604369241
17147,-0.177811699392623
17149,0.951819510133957
17151,4.00210923784206
17153,2.10636900045275
17155,1.4268204122661
17157,1.86479955378428
17159,-0.177811699392623
17161,0.23546612779751
17163,0.275384007923055
17165,-0.177811699392623
17167,0.396351778674225
17169,3.07479924338723
17171,0.756305559528221
17173,0.550515210785675
17175,0.668335035536072
17177,-0.153193539409871
17179,0.322572175245866
17181,-0.177811699392623
17183,0.556877055463649
17185,0.0496960058414474
17187,0.439435885905597
17189,1.92401726922277
17191,0.481847342803533
17193,1.20832217566175
17195,-0.177811699392623
17197,-0.079132052890026
17199,1.12459659532777
17201,0.181507452385851
17203,-0.177811699392623
18001,2.73440595079542
18003,0.337675978642384
18005,0.465351231152025
18007,1.18080586996496
18009,0.0253040047538746
18011,1.43601665358299
18013,0.587735925313674
18015,1.33226118174658
18017,1.86602770235872
18019,0.308131143660198
18021,-0.177811699392623
18023,2.56212511599995
18025,1.30574397507323
18027,0.0848036464559863
18029,1.57619729911549
18031,2.89658839592502
18033,0.691234612969929
18035,0.265143674586276
18037,-0.0318649978527547
18039,0.042624653977325
18041,0.113451470390584
18043,-0.177811699392623
18045,0.934086112596089
18047,3.40811765728693
18049,2.68046313955396
18051,-0.00408377400954005
18053,0.704412154202694
18055,-0.177811699392623
18057,-0.0224923288714652
18059,-0.17543777536835
18061,0.040233667421402
18063,0.336840240140636
18065,-0.177811699392623
18067,0.455366220725821
18069,-0.132163628078647
18071,-0.0768921285971888
18073,-0.177811699392623
18075,4.93167528603773
18077,-0.0671332777771105
18079,0.170835572319552
18081,0.0911785488404635
18083,-0.100485068590752
18085,0.715506640692324
18087,1.98387041215015
18089,0.588088502802927
18091,0.228787999535872
18093,2.14764913657596
18095,0.204047532684496
18097,0.129343899016038
18099,-0.0650723827115624
18101,0.720277704185193
18103,-0.177811699392623
18105,0.286048413575849
18107,0.0329011017361249
18109,0.772711904925802
18111,1.74448092463869
18113,1.42540384848131
18115,0.721336014756423
18117,0.869401114682475
18119,0.499368505191154
18121,3.08012507658422
18123,3.10410231394003
18125,0.790346136932936
18127,0.0884784314199979
18129,0.115871945519795
18131,2.13617123685182
18133,0.0170631947977772
18135,0.119720439769068
18137,0.188074436096257
18139,0.983834606684242
18141,0.41198116781635
18143,2.01785069317239
18145,2.57825524684747
18147,1.11394180553336
18149,2.89098531837964
18151,-0.0467785121207549
18153,4.40611106244316
18155,2.36292749038829
18157,0.0820998665004714
18159,0.275185614064908
18161,1.31328201188908
18163,0.00566529191398398
18165,0.871567230962417
18167,0.131541960318612
18169,3.18286699405667
18171,2.95393681543939
18173,-0.177811699392623
18175,0.370715572321898
18177,0.782646999613573
18179,0.248408585970511
18181,-0.177811699392623
18183,-0.177811699392623
19001,1.17276568950244
19003,3.94620683575501
19005,0.534665986554426
19007,0.340395090940849
19009,0.343431825326849
19011,0.1592842471378
19013,-0.177811699392623
19015,0.264004312822524
19017,0.197840928689775
19019,5.51329138116312
19021,-0.177811699392623
19023,0.928713688159872
19025,0.713642305264412
19027,0.945599001612468
19029,1.37300231567777
19031,0.957139183917241
19033,-0.177811699392623
19035,-0.0454063887559489
19037,1.93628269926486
19039,1.29630671084716
19041,0.326559323453433
19043,1.07941729248
19045,-0.177811699392623
19047,0.252189951172521
19049,-0.177811699392623
19051,1.10988874814253
19053,1.07712473247442
19055,0.742377824990859
19057,0.0614956855429868
19059,0.336903356236472
19061,0.526029211582728
19063,0.510872867057169
19065,-0.177811699392623
19067,0.307998117268723
19069,1.50462138109106
19071,0.975301245513359
19073,1.65899399050866
19075,1.65519078739826
19077,1.58214669486867
19079,-0.0674580012814209
19081,1.21863634876207
19083,-0.177811699392623
19085,1.27460774021963
19087,-0.177811699392623
19089,1.19674707980576
19091,3.55586111177398
19093,0.992011142885605
19095,0.605593104568575
19097,0.701078334527644
19099,-0.177811699392623
19101,1.00656869319123
19103,-0.177811699392623
19105,0.918049366808376
19107,0.179001077344464
19109,1.33637393094904
19111,-0.0482156483034617
19113,-0.0802919648308838
19115,2.91571506596012
19117,1.98489636904575
19119,1.11643253836197
19121,1.8786424897769
19123,-0.177811699392623
19125,-0.177811699392623
19127,-0.177811699392623
19129,0.173652455302543
19131,1.9329020335421
19133,1.2287414048854
19135,3.04987394067015
19137,0.955482272708242
19139,-0.177811699392623
19141,1.08131983227697
19143,2.71108614490921
19145,4.07637367951522
19147,0.599681473834791
19149,0.719885758614542
19151,1.73365696622325
19153,-0.0366409147391628
19155,0.342868605843614
19157,0.471964000635433
19159,0.737155299567413
19161,1.05001278885581
19163,-0.061424141566037
19165,0.903716257601925
19167,0.0131320611795677
19169,-0.177811699392623
19171,0.350141018242344
19173,1.16152425506219
19175,1.7835525625427
19177,1.24382333361114
19179,0.171623480052647
19181,0.0921181804633084
19183,3.26307081761183
19185,4.39993185786732
19187,-0.171678541014026
19189,0.124186382666129
19191,0.852890176287998
19193,0.161021778614708
19195,3.24299097837553
19197,0.707343286391429
20001,2.21224465905057
20003,1.97363231523715
20005,0.323617129069408
20007,0.554413482948495
20009,-0.177811699392623
20011,1.56673964565542
20013,0.927516361322736
20015,0.78199641517594
20017,1.91840609080493
20019,1.10004266906138
20021,0.825440377577673
20023,1.93376915685335
20025,2.41664197494861
20027,2.28469312625638
20029,1.44527289676671
20031,1.54035075805279
20033,3.14579982528346
20035,1.23150593275529
20037,0.639590012832117
20039,5.45216221568693
20041,0.820808497910523
20043,3.05849217917277
20045,0.336087157461528
20047,4.87410451669112
20049,1.67207818037138
20051,0.117813062546123
20053,2.29135978831519
20055,1.46585539522512
20057,4.75571289619076
20059,2.2562677450489
20061,2.16895260397144
20063,1.85147533305714
20065,2.1538884694386
20067,2.1874181399181
20069,1.84271276435648
20071,1.66551698553358
20073,1.91348799386739
20075,2.2702702473527
20077,1.35013624327832
20079,-0.177811699392623
20081,1.2883664657477
20083,2.93380987487041
20085,0.430593371779869
20087,1.1409570862322
20089,1.6165380918196
20091,-0.177811699392623
20093,3.13919085151429
20095,2.42084885390471
20097,1.74527722768308
20099,0.721649597927585
20101,3.43493593684699
20103,0.802134000925524
20105,2.14565028959555
20107,1.41493157451718
20109,1.91658807372261
20111,0.00100536290842337
20113,0.146102613432866
20115,0.383230590830829
20117,0.71805782685283
20119,0.883976323748023
20121,0.357895321561679
20123,0.36159515420665
20125,1.45824183837157
20127,0.478934406140072
20129,2.12247197309591
20131,1.55996997603397
20133,1.4014894225196
20135,1.71986653336043
20137,2.62543606155636
20139,1.38403805286479
20141,1.49289021946901
20143,0.533732466238189
20145,0.285196367843341
20147,2.2573643617169
20149,4.11425682053717
20151,2.29678891686778
20153,2.09193104009202
20155,0.758754934486712
20157,1.94960661144802
20159,0.954200916621414
20161,0.943253890744481
20163,0.724893087394101
20165,1.65552397265187
20167,3.19371886276736
20169,0.94906744043092
20171,0.605006310358079
20173,0.0417560706379032
20175,4.4192772465595
20177,0.483791810288106
20179,2.1204525755695
20181,0.844688047495497
20183,1.15877006346969
20185,0.788740257724388
20187,2.45674826595963
20189,1.85860406531987
20191,0.444550702095182
20193,2.97555441815671
20195,1.69175264958217
20197,2.60681403071699
20199,3.37749381642198
20201,2.29927541488306
20203,3.01184328420313
20205,0.916907004715777
20207,3.03931716762948
20209,1.17588856613885
21001,5.8103400811191
21003,1.71490158159544
21005,0.812497843762339
21007,1.64020743086642
21009,-0.0432459264662415
21011,0.39544909875673
21013,-0.177811699392623
21015,0.198705650784487
21017,1.18243456501357
21019,1.73918213388978
21021,-0.177811699392623
21023,1.68903180818049
21025,1.53677972211212
21027,1.07931559923159
21029,0.895788031523318
21031,1.72114086526381
21033,1.47809358261249
21035,0.115735389744251
21037,0.781015419339796
21039,3.05855280609243
21041,2.41325118303529
21043,0.689143886129786
21045,1.19388824724237
21047,0.943158660045778
21049,0.0474697378583045
21051,2.40657336446321
21053,1.8821317697388
21055,0.769877426618169
21057,2.33118731363243
21059,0.446648002333257
21061,0.122554024701259
21063,3.87649506961658
21065,1.36774147224337
21067,-0.0875601038883584
21069,1.47211338085545
21071,0.0491002093571279
21073,1.17185061126729
21075,1.50896471297292
21077,1.67775248443219
21079,0.494638347754649
21081,3.40972413414763
21083,0.0604059638167157
21085,0.641953566149666
21087,1.46583850695656
21089,-0.177811699392623
21091,0.364487777538552
21093,0.35014411119533
21095,-0.177811699392623
21097,1.03685221060276
21099,1.34042626844471
21101,1.19619729095545
21103,0.616116309624489
21105,2.73884903192027
21107,-0.116928115495283
21109,3.77108118047466
21111,-0.0580458897193071
21113,-0.0625405524913254
21115,3.01013578731335
21117,0.112584656166618
21119,1.23841632897969
21121,-0.0287653549919028
21123,0.112194034882182
21125,0.424162311812541
21127,0.917176510411962
21129,3.27160232925945
21131,3.03102392553531
21133,0.660030644488095
21135,2.00211344576864
21137,1.59053259702117
21139,2.16918686945188
21141,0.015795671511292
21143,2.44448018195011
21145,1.09911675726976
21147,3.99771515987141
21149,1.5398233773832
21151,0.886404330341043
21153,2.44311354761982
21155,0.881332681519879
21157,-0.177811699392623
21159,1.89019832102684
21161,5.25972590478343
21163,0.724402665773278
21165,1.62245978604858
21167,0.857408266315579
21169,0.134006350910334
21171,2.33246509319403
21173,1.72440866355802
21175,-0.162918372003504
21177,0.0873676649103459
21179,0.119186099598295
21181,1.84042172405779
21183,0.428998593841942
21185,-0.165200901919451
21187,1.05870860746393
21189,4.37040476692185
21191,1.98945676978371
21193,0.620462411787281
21195,0.583935366826536
21197,1.92702151314564
21199,-0.177811699392623
21201,2.35862861424156
21203,1.13873333137717
21205,0.75283427206377
21207,1.30926022523192
21209,-0.0465297858159072
21211,-0.177811699392623
21213,0.281346109518928
21215,0.311324378580781
21217,2.79034176802281
21219,0.561702558610371
21221,0.643775965732203
21223,1.0438469060588
21225,1.16489020208715
21227,0.396148435061782
21229,1.16606428208789
21231,0.835643822081499
21233,1.4106000694596
21235,0.0596392198793591
21237,2.83998878115547
21239,0.526076427053449
22001,1.22869067349942
22003,0.938795646109132
22005,0.504097358447304
22007,3.4468135894716
22009,0.53376835869384
22011,-0.020488372173939
22013,0.404382339931899
22015,0.990312301331795
22017,0.312511331157088
22019,0.256502289691738
22021,2.67754975024272
22023,0.828531978905416
22025,3.26311074172815
22027,4.45661769466048
22029,2.12225532331612
22031,-0.06746575470769
22033,0.0406243201592472
22035,18.641370420905
22037,3.96379339824838
22039,0.377902197117289
22041,3.45902191911526
22043,0.793505986166917
22045,1.694207012609
22047,1.39463829088252
22049,0.398981122324028
22051,0.207468578346336
22053,0.438219143870856
22055,0.368991571353286
22057,1.4743079852246
22059,2.07894073758137
22061,0.164482256299074
22063,0.349177664435151
22065,5.45072284086987
22067,0.451436322268473
22069,2.35277616991474
22071,0.244121731603217
22073,0.742080125672487
22075,0.64585098637232
22077,4.45441984517332
22079,0.722322436905024
22081,3.44987297874829
22083,7.90373732844863
22085,3.09298120350866
22087,1.17660163708777
22089,0.472983375239658
22091,3.03416870940515
22093,3.67860415722758
22095,1.76475460402954
22097,1.15024148677789
22099,1.52321070111116
22101,0.983484438947476
22103,0.136341316202655
22105,0.852131126670382
22107,12.0491667844131
22109,0.614973948446887
22111,1.18482738847648
22113,1.63414354873815
22115,-0.106865073159524
22117,0.493503480790778
22119,-0.168224376638082
22121,2.86847719899476
22123,0.545173482921129
22125,4.74950215107845
22127,2.12924820694789
23001,-0.177811699392623
23003,-0.177811699392623
23005,-0.0720585956130558
23007,0.227205781054113
23009,-0.177811699392623
23011,-0.177811699392623
23013,-0.00529315362923266
23015,0.0305515259592192
23017,-0.0717658117506476
23019,0.158509856518572
23021,-0.177811699392623
23023,-0.0513249406864078
23025,-0.177811699392623
23027,-0.03019993465447
23029,0.156165646138495
23031,0.049174960298325
24001,0.718642836291253
24003,-0.0301936952864171
24005,-0.122350304252698
24009,0.0161920640556996
24011,0.040816951278864
24013,0.172413709842613
24015,0.157627637966717
24017,0.059554906864716
24019,1.06236939264015
24021,-0.0149337933460319
24023,0.23895454378357
24025,-0.0709248044614651
24027,-0.0871709683374092
24029,2.83300264156159
24031,-0.0800742241524721
24033,0.0723942133444791
24035,-0.107858863192384
24037,0.585503498788619
24039,1.67669616118073
24041,1.66910178959969
24043,0.169725171481326
24045,0.875236229234927
24047,-0.177811699392623
24510,0.114278346870622
25001,-0.0598804124411931
25003,-0.177811699392623
25005,-0.101047729931887
25007,0.476331852685878
25009,-0.125065019554832
25011,-0.177811699392623
25013,-0.0415269704893726
25015,-0.177811699392623
25017,-0.155226738063437
25019,0.376459205097546
25021,-0.177811699392623
25023,-0.177811699392623
25025,0.20758099103541
25027,-0.0707248339518037
26001,0.913149909452516
26003,0.942048417198598
26005,0.352741526789645
26007,0.29300160679741
26009,0.369454654675981
26011,-0.177811699392623
26013,1.30246245193692
26015,1.11820403466149
26017,0.509365452090642
26019,0.0627732041545501
26021,0.298426511114806
26023,1.20171822029378
26025,0.0387645977124457
26027,-0.177811699392623
26029,0.311593575438224
26031,2.45215917379901
26033,0.0906471194573041
26035,-0.0965092893496081
26037,0.967530871504467
26039,0.761004507882868
26041,-0.00151244300162774
26043,-0.177811699392623
26045,-0.177811699392623
26047,-0.0817998512918117
26049,0.0979246473076501
26051,3.61083062058217
26053,0.486837793364001
26055,1.29651426094856
26057,-0.177811699392623
26059,1.27437900512795
26061,-0.0356913078440604
26063,0.0513406425834597
26065,0.120780523827553
26067,0.857602551256519
26069,0.393362394586986
26071,0.736507789824248
26073,0.884188958035652
26075,0.11840422894695
26077,0.350219382803361
26079,1.14244668298101
26081,-0.151403641947621
26083,2.79200056291221
26085,1.17844482492358
26087,0.89853615178915
26089,-0.106329406254135
26091,0.283020404737265
26093,0.067279941501196
26095,0.394148513322783
26097,0.965948227937344
26099,-0.177811699392623
26101,0.555684976399905
26103,-0.0859685709545701
26105,0.157987158141335
26107,-0.177811699392623
26109,0.638740551158357
26111,0.284842466080823
26113,0.990111609833358
26115,0.131591947457928
26117,0.944018882095976
26119,1.07605320650389
26121,0.0170212723214383
26123,-0.136725189579576
26125,-0.163466508671766
26127,1.86576649110258
26129,0.291076014219227
26131,4.64897319866252
26133,3.22718907931893
26135,1.67728503988308
26137,0.131656358655691
26139,0.0388180056814387
26141,1.10639673876397
26143,0.313374922457419
26145,0.488793028827649
26147,0.0281444783225111
26149,0.754848305873528
26151,-0.177811699392623
26153,1.07945250789743
26155,0.680219497037488
26157,1.05247898348589
26159,0.778167465446759
26161,0.0787689160372505
26163,-0.0896516263217186
26165,0.299526018754072
27001,0.519429024564666
27003,-0.177811699392623
27005,-0.059580737987803
27007,0.487743428581327
27009,-0.177811699392623
27011,0.833043416183689
27013,-0.177811699392623
27015,0.0280293147202964
27017,0.2467411291087
27019,0.635624218396301
27021,0.771133368614064
27023,0.0596262269812819
27025,-0.163134071555012
27027,2.02101377531291
27029,2.33487644664942
27031,0.720237997862271
27033,0.239305983923466
27035,-0.095020042039626
27037,-0.155368985968658
27039,0.845658426052145
27041,0.00765928796463812
27043,0.807427468832581
27045,0.390928108452479
27047,0.0579239967697562
27049,-0.0245362027062938
27051,1.59615409120528
27053,0.0324366839728839
27055,0.397458608707807
27057,1.02191458452005
27059,0.208580037635339
27061,-0.011795032756271
27063,1.64996135508468
27065,1.83791216003493
27067,-0.0969943565975109
27069,0.860175560730043
27071,0.684857305748053
27073,0.933353662918205
27075,0.19769738370903
27077,1.17336577595874
27079,0.193544198384747
27081,0.610248509695523
27083,0.512072153025294
27085,-0.177811699392623
27087,2.30205684787448
27089,1.11234916118397
27091,-0.177811699392623
27093,0.46443776718506
27095,0.626139149013369
27097,0.313270568613607
27099,-0.00726609441519384
27101,1.50148480583458
27103,0.282267442212815
27105,0.304963598241254
27107,0.602741901819485
27109,0.115413082666775
27111,-0.0574354564521669
27113,1.65343240567018
27115,2.36683499171949
27117,0.730192412969165
27119,0.234593449638322
27121,0.247808102748889
27123,-0.080005805342028
27125,1.0349454811459
27127,1.23042401761612
27129,-0.177811699392623
27131,0.935796664751561
27133,1.36136745329246
27135,1.38245185195518
27137,0.0916352285316046
27139,0.282751606621314
27141,1.00881698994142
27143,-0.00438278389026199
27145,0.300942804308583
27147,-0.177811699392623
27149,2.20301510996563
27151,0.276049506296972
27153,0.325705880636229
27155,1.63494025105204
27157,-0.177811699392623
27159,0.0812863902663737
27161,-0.171058859533162
27163,0.149776127931144
27165,0.206178146218054
27167,1.73206525280952
27169,-0.177811699392623
27171,0.640031903044081
27173,1.31712069238261
28001,-0.177811699392623
28003,-0.177811699392623
28005,0.775249169429893
28007,6.15637591771921
28009,3.13833962257783
28011,1.77323395897919
28013,0.969535868290764
28015,1.25313182347695
28017,3.74596090075284
28019,3.4081187016088
28021,7.0211061895954
28023,2.465722917506
28025,3.66442068988402
28027,4.28596430907658
28029,2.44219134332221
28031,2.80038182602939
28033,0.817065255197287
28035,0.538507962132862
28037,5.520649322664
28039,3.59263322081965
28041,2.18850161914145
28043,4.06410589587422
28045,-0.169373306438453
28047,0.296074056950894
28049,0.352667723935743
28051,4.74151699072257
28053,8.85711943911449
28055,6.31931938331325
28057,1.95457090122768
28059,0.268675439026183
28061,3.36449711725666
28063,1.08140684147279
28065,8.11116657831182
28067,1.38674651011283
28069,3.38081219799103
28071,0.255641440334649
28073,1.29839407237456
28075,0.803415048645327
28077,1.08857497980044
28079,2.0205779971185
28081,1.71584119757192
28083,3.17181941496431
28085,0.431484987176077
28087,1.2921825075937
28089,0.746254609862083
28091,0.677806601415216
28093,1.91501067261979
28095,-0.177811699392623
28097,7.18652924847402
28099,0.00451251408896299
28101,3.45441656049762
28103,5.82471537680279
28105,1.00032045119952
28107,2.1534481289785
28109,0.732379448493175
28111,4.80259625500752
28113,2.07760863446556
28115,1.83993450176008
28117,2.66383809799686
28119,1.71124432159118
28121,0.140287649060844
28123,0.119669400448099
28125,7.85465950163273
28127,0.735685758311289
28129,1.76708441762643
28131,1.64741984179678
28133,1.82806569004185
28135,5.37724048545268
28137,3.07070438744478
28139,3.458557212808
28141,5.12557042425132
28143,6.56553837935892
28145,3.5612887602993
28147,2.5411108580232
28149,1.4686209196048
28151,2.21454583528479
28153,4.28105465808832
28155,0.911268768677262
28157,3.802951390969
28159,3.71918566587565
28161,3.16437580837906
28163,2.37694560569528
29001,-0.00637834518767837
29003,0.974805136386818
29005,1.66808427546497
29007,3.0127641874769
29009,0.24236764448247
29011,2.43112753080182
29013,1.02968866945414
29015,0.174274983525732
29017,2.18525816511352
29019,0.22763994594174
29021,0.635136137991875
29023,1.66483278715765
29025,0.793745571555102
29027,-0.0502031830691284
29029,-0.177811699392623
29031,0.587151754213723
29033,1.48651189885109
29035,5.9666911883455
29037,0.237051341593315
29039,0.931269420605155
29041,0.705562842119117
29043,-0.177811699392623
29045,3.47016327801201
29047,-0.0853210349136231
29049,0.803645940681912
29051,0.849686607171111
29053,1.15852413346555
29055,0.760727651681017
29057,3.94763821275934
29059,1.84781787173342
29061,1.99217815958123
29063,1.34602229066685
29065,0.425414271263399
29067,1.45257775408537
29069,-0.177811699392623
29071,0.333912776178324
29073,1.21927508615021
29075,2.00861494200975
29077,0.0969228281539709
29079,0.0423466453583677
29081,1.49608539520752
29083,0.498089490850575
29085,0.374238989133263
29087,1.11049080380511
29089,0.65524602832289
29091,0.121563301568209
29093,2.58867159498657
29095,0.211236518202492
29097,0.366975119328247
29099,-0.0456570062730454
29101,-0.134014279242675
29103,1.13485051694717
29105,0.190235008399335
29107,0.597820788650718
29109,1.15111401636913
29111,2.47950946517197
29113,-0.17028303711801
29115,0.243886384256873
29117,-0.132764645721405
29119,2.12116834851386
29121,1.6959832388613
29123,0.343632997029483
29125,0.909208383375585
29127,-0.177811699392623
29129,1.74192305913823
29131,1.153406636441
29133,0.611710607140797
29135,1.68303967325455
29137,3.68856471630178
29139,0.957537160904562
29141,0.499262550505816
29143,1.2668295550606
29145,0.71184116228419
29147,0.55143831935381
29149,0.961028784439386
29151,2.46912113095603
29153,3.71715638732367
29155,7.59465088707599
29157,1.09591445604225
29159,1.48871754624736
29161,-0.135724826304958
29163,0.885030627044979
29165,0.412525508882712
29167,-0.177811699392623
29169,2.54987578143125
29171,1.68711719041388
29173,0.224731388966931
29175,1.99281363732719
29177,3.17370985019156
29179,6.39426829375689
29181,1.92102181718554
29183,-0.16147125434291
29185,1.05046721187269
29186,1.2038504329699
29187,0.92713606964256
29189,-0.127023976295366
29195,2.88423112247155
29197,0.610360460099201
29199,0.643620725120504
29201,1.73653889821876
29203,0.946931116960625
29205,1.295910097274
29207,0.353462620055752
29209,1.55991810166351
29211,0.841285563227822
29213,-0.0430258221308056
29215,2.55569041863665
29217,5.38388068460809
29219,0.206925112311854
29221,3.25804097697144
29223,7.23846001494858
29225,0.0223388950828797
29227,2.98514820567156
29229,4.89920596901435
29510,0.202283165140908
30001,3.53433028766314
30003,3.91052436588125
30005,3.04790658250668
30007,6.21312602997597
30009,1.03471788062518
30011,5.82441822467546
30013,0.209247430137448
30015,0.450105701160393
30017,1.74583820798061
30019,3.13645180740502
30021,2.41114048469862
30023,1.33895679334705
30025,2.2430238364866
30027,1.47212070954166
30029,1.34926646598943
30031,1.15016390551333
30033,2.44590867250388
30035,3.41471412634302
30037,3.39741598762703
30039,1.84726611119175
30041,2.04070965033615
30043,0.10685280724193
30045,3.02517090438523
30047,0.753950744049139
30049,0.792611948314036
30051,1.17182527179403
30053,1.2754856799525
30055,1.76360567776203
30057,3.14972232433426
30059,3.07787420441841
30061,4.22283887736945
30063,0.780968551487298
30065,0.873964825397405
30067,0.927874297076195
30069,7.61453968633869
30071,1.7340736873981
30073,1.10259325338287
30075,3.51950003877271
30077,4.19492989399846
30079,1.88098309659125
30081,-0.0844357884810519
30083,0.24238627703354
30085,4.96365883086343
30087,0.636377864200002
30089,0.989074128660249
30091,1.76025375799125
30093,0.0405435836614401
30095,2.47787483690343
30097,1.25828256766051
30099,1.86071128059016
30101,2.54585027346956
30103,4.93819002248871
30105,1.80248878299355
30107,3.00842991975039
30109,3.39491698749805
30111,0.0210288087011501
31001,-0.177811699392623
31003,0.261688658147094
31005,8.28593779989132
31007,5.25050479562927
31009,9.51771611428652
31011,0.530550892192247
31013,0.947701048044623
31015,2.53622333224421
31017,1.48960457260094
31019,0.0841492645476289
31021,2.04504539296829
31023,0.823168745353721
31025,2.5278932278016
31027,3.26482773506314
31029,1.22177153763086
31031,0.337867339529801
31033,2.28426849943777
31035,1.182209558369
31037,0.752769484469087
31039,0.368111711892642
31041,0.0491248309832374
31043,3.77119913101965
31045,1.69763192248201
31047,1.85478651299101
31049,3.35770139968444
31051,0.583382596256191
31053,-0.00411956446231691
31055,0.0322741632428314
31057,3.00245779824563
31059,0.680633029904598
31061,1.52829077565877
31063,1.9156030338009
31065,0.604512580810137
31067,5.19315183679592
31069,2.91002574554725
31071,4.05660198644962
31073,2.12640197302082
31075,6.3290681722304
31077,2.76096156135928
31079,1.08225002415639
31081,0.410944123346917
31083,1.53859325475476
31085,3.29590838992695
31087,1.93205936485557
31089,0.909573080677309
31091,6.40217658340407
31093,1.66179996007678
31095,1.15475109010889
31097,0.999566947390965
31099,0.749294480784193
31101,2.08133743035936
31103,3.74675654798631
31105,5.55712485221934
31107,1.34554038784774
31109,-0.0569238051398952
31111,-0.0695454488301532
31113,4.72641074398028
31115,6.31678749807352
31117,6.55076445975771
31119,0.00269789878153797
31121,0.431056372282309
31123,3.90475759747819
31125,1.31658380667615
31127,2.58632562903204
31129,1.0105051966471
31131,0.318710700563126
31133,2.07680834834457
31135,1.38440905830194
31137,1.37531922513251
31139,3.76378004867631
31141,-0.177811699392623
31143,0.680264410973575
31145,2.13026277190554
31147,0.413195321390285
31149,3.56457408244078
31151,1.93251568949952
31153,0.186946901904022
31155,0.381711700052748
31157,0.496218210276489
31159,-0.163709274789188
31161,0.356769489227156
31163,1.9770670272881
31165,2.25622719219712
31167,0.613205790230225
31169,0.608354915934012
31171,7.7870504537998
31173,1.35439786186919
31175,0.820493809247347
31177,0.60927394463747
31179,0.260911403756313
31181,1.60161526128504
31183,4.17737337104578
31185,0.21790637952663
32001,4.53803765305346
32003,-0.0606111886423021
32005,0.0685392155523428
32007,0.335807502937403
32009,8.79682893347216
32011,4.52123504414495
32013,2.23483135113487
32015,4.19552957181361
32017,4.68037131465848
32019,0.0626286536855756
32021,2.81848478297782
32023,-0.0586949062579794
32027,2.68095492863817
32029,1.6375548764681
32031,0.0661919863340867
32033,2.45263475219351
32510,7.56373961680621e-05
33001,-0.177811699392623
33003,-0.14939921115025
33005,-0.177811699392623
33007,0.104858300578415
33009,-0.177811699392623
33011,-0.177811699392623
33013,0.159278080103434
33015,-0.123414749792968
33017,-0.177811699392623
33019,1.65245389731266
34001,0.264320245855041
34003,-0.121388515380627
34005,-0.01719487419597
34007,0.247578056962842
34009,0.395447217696548
34011,0.723205156723479
34013,0.0342515840342527
34015,-0.159512812734857
34017,0.0703660548638479
34019,-0.177811699392623
34021,0.165016935573839
34023,-0.0829558089314926
34025,-0.0459195559621329
34027,-0.177811699392623
34029,-0.177811699392623
34031,0.0502834588733789
34033,1.22187933826608
34035,-0.114881668252621
34037,-0.177811699392623
34039,0.00565968392305775
34041,0.414547608947363
35001,-0.105990258798521
35003,3.05391610791267
35005,2.46505582203516
35006,0.841816087932624
35007,3.63524611529442
35009,1.88348150482575
35011,4.99233882302217
35013,0.495798471261737
35015,2.24914805560118
35017,1.1174981691371
35019,6.70123073486442
35021,12.0677127264645
35023,4.17270934026943
35025,1.35083948382697
35027,1.00719712609013
35028,0.980386410615116
35029,9.09582859520761
35031,0.695650554675237
35033,7.91039861432422
35035,0.444929555176637
35037,6.63539143048363
35039,1.60475719174128
35041,2.10947706690704
35043,0.417780891171942
35045,0.224180910680769
35047,4.27905491927105
35049,0.482087986346892
35051,1.6627795554299
35053,1.80049209494352
35055,5.77471308183081
35057,2.82324737409769
35059,3.12500642042955
35061,2.00167385231111
36001,0.172437151919647
36003,-0.177811699392623
36005,-0.0145258154384977
36007,0.0212274662873114
36009,0.297815606967738
36011,0.939533172411996
36013,0.22192509167233
36015,0.375569367214789
36017,0.97412839660062
36019,0.708144873349223
36021,-0.177811699392623
36023,-0.177811699392623
36025,-0.177811699392623
36027,-0.0457341733677048
36029,-0.0574597486869915
36031,0.124868564089558
36033,-0.173766127844203
36035,0.111858927517178
36037,-0.177811699392623
36039,1.93253692784931
36041,2.88570448402762
36043,1.11440465337702
36045,0.330741716187784
36047,-0.106723900377883
36049,-0.177811699392623
36051,-0.177811699392623
36053,0.729759910391922
36055,0.226831920134734
36057,-0.177811699392623
36059,-0.15084724131938
36061,-0.0518351416398799
36063,-0.0500653382759614
36065,0.00133242909439563
36067,0.211490319940048
36069,0.383225094286301
36071,-0.00910967414897335
36073,-0.177811699392623
36075,0.263106027115846
36077,-0.177811699392623
36079,-0.177811699392623
36081,-0.144402418872767
36083,0.24403815631663
36085,0.0285272641567795
36087,-0.00395514876018682
36089,0.307327963306634
36091,0.00373159006187853
36093,0.23339137580832
36095,-0.104220850878729
36097,0.726595210185747
36099,-0.177811699392623
36101,0.460272077774243
36103,-0.177811699392623
36105,0.914440651571655
36107,1.30762006462739
36109,0.751460259963654
36111,0.0994699247696552
36113,0.605501522356866
36115,-0.174859021604858
36117,0.666559281829016
36119,-0.13960267592406
36121,0.00735966019293235
36123,2.08909296188547
37001,0.741825856346381
37003,0.429532323145614
37005,1.12629082437279
37007,3.27533612170903
37009,4.14471031787684
37011,-0.177811699392623
37013,-0.177811699392623
37015,4.66045958133341
37017,-0.177811699392623
37019,0.413110441647774
37021,0.0275777618984286
37023,0.359491740378323
37025,0.756775175228562
37027,0.519224867221699
37029,1.89829070625031
37031,-0.131913823286291
37033,2.66598551952259
37035,0.219394089275117
37037,0.324154627818052
37039,1.21586345082459
37041,3.53370916470313
37043,1.31478195958675
37045,1.80537534792001
37047,3.32806988172559
37049,1.6446935149742
37051,0.178129245477476
37053,0.480740565971285
37055,-0.177811699392623
37057,0.0399693823533693
37059,1.86172829687075
37061,1.46581949581869
37063,0.643720461385958
37065,1.4291303328373
37067,0.256917779866178
37069,-0.077847762629871
37071,0.538009019171202
37073,1.72184984950396
37075,0.738200966993144
37077,-0.177811699392623
37079,4.90327680139942
37081,0.0534007565848682
37083,1.02988784081745
37085,1.50283897779741
37087,-0.177811699392623
37089,0.348059699755018
37091,4.09835071353324
37093,1.13682100768713
37095,2.10541297622656
37097,0.0513968083874059
37099,-0.17434914480142
37101,0.579084166786679
37103,4.76112394070539
37105,1.38065352882164
37107,0.901383383274227
37109,0.956975713079396
37111,-0.0862307761368306
37113,0.0544472365769734
37115,0.314920693783671
37117,-0.175981595740415
37119,0.172434574027653
37121,0.384519133246133
37123,2.86870070795193
37125,0.585302639664107
37127,1.3248536621922
37129,0.157648356455001
37131,5.46642835325396
37133,0.619020540059253
37135,0.356397430687058
37137,0.748121639321924
37139,0.996323286967081
37141,0.476088341857746
37143,2.22211929063629
37145,0.788072620740346
37147,0.939506821481331
37149,0.428424231206293
37151,0.410313660150829
37153,0.462535819585678
37155,1.8967884809041
37157,0.331568142475199
37159,0.177992532610697
37161,1.18660273368796
37163,1.49606380255452
37165,0.789033828912614
37167,1.75909579461839
37169,0.0277263229761673
37171,0.461308633076686
37173,2.56749527557119
37175,0.0586363863023773
37177,3.37481571130738
37179,0.153135984037479
37181,1.89711876387022
37183,-0.11422995811602
37185,2.51460457413069
37187,4.78404751064446
37189,0.0991591802061666
37191,0.525510552333853
37193,0.576790471973415
37195,1.82164376013605
37197,0.00739027990837091
37199,-0.177811699392623
38001,2.35284650406005
38003,1.32867498266932
38005,3.41557692554805
38007,3.89427683559032
38009,3.25063446476499
38011,1.99174690280604
38013,3.862806174199
38015,0.69509423481785
38017,-0.177811699392623
38019,0.9705679939473
38021,4.10675324337277
38023,3.0515082975644
38025,1.75120582890359
38027,1.63817472890124
38029,1.33649421660576
38031,1.49735163891635
38033,4.88339760687985
38035,-0.177811699392623
38037,2.10504711694553
38039,2.24405960540263
38041,2.47109010105454
38043,2.6381281392466
38045,0.85755022004518
38047,3.02821868257572
38049,0.703624531426768
38051,2.42076810376677
38053,1.74767269614871
38055,1.26555114495932
38057,0.178247160565411
38059,3.51868717124068
38061,1.26084464524724
38063,1.44874931703611
38065,1.24372473872065
38067,2.33202248883495
38069,1.14153460073844
38071,1.38264982032182
38073,0.462769236853552
38075,1.84306257899021
38077,0.924826252455366
38079,5.9411610127394
38081,1.43245273830818
38083,5.65566374893429
38085,8.27412425055999
38087,4.40116455412024
38089,3.15959102864105
38091,3.58144185553272
38093,0.656001846189682
38095,2.94373578673476
38097,0.815104783108576
38099,-0.00246238644954754
38101,1.28489457245465
38103,0.903160695499345
38105,0.977979110881124
39001,0.125830010136843
39003,0.427222872333061
39005,-0.177811699392623
39007,0.304525889517334
39009,1.0836092158763
39011,-0.145126871997026
39013,0.431688973370558
39015,1.03696007456391
39017,-0.152956591124941
39019,-0.177811699392623
39021,-0.0819305572982737
39023,0.0709306812060774
39025,0.0291126833725994
39027,-0.177811699392623
39029,0.528853775467346
39031,-0.0852957283981947
39033,0.858710746156139
39035,-0.153134632438592
39037,-0.161773236869005
39039,-0.0502993613175457
39041,0.1443560011939
39043,0.449802464043338
39045,0.328834942609648
39047,0.265771599814284
39049,-0.0544427263163623
39051,0.114099631420036
39053,2.69299040974441
39055,1.00056190585288
39057,-0.177811699392623
39059,-0.126961075049028
39061,-0.0498018764805567
39063,1.37319511288854
39065,-0.177811699392623
39067,0.474818034270665
39069,0.405639894020673
39071,1.51133654045012
39073,-0.022732023550254
39075,3.31931286221752
39077,0.904981772406156
39079,0.0355756175535392
39081,0.768745062321497
39083,-0.177811699392623
39085,0.0299923129796486
39087,0.704468658660952
39089,0.0986976563716311
39091,1.03151004521211
39093,0.112779266300948
39095,0.0449111528012394
39097,0.851899295298883
39099,0.375059349481929
39101,0.901065483495371
39103,0.144207414075241
39105,0.473141952613471
39107,0.650452581024646
39109,0.226136775103925
39111,0.535436887038884
39113,-0.0714526782251333
39115,1.46768478095476
39117,-0.177811699392623
39119,0.272712097218267
39121,0.182620664873613
39123,-0.00958331744047481
39125,4.09975571983951
39127,-0.177811699392623
39129,1.14439206894276
39131,0.217631248735063
39133,0.0476647224027598
39135,-0.0886017827803906
39137,0.243411494596916
39139,0.594795097640763
39141,-0.177811699392623
39143,1.1675983559345
39145,0.494374615333312
39147,-0.177811699392623
39149,0.781546574016612
39151,0.029458723413245
39153,-0.0387876196568058
39155,0.0420137319686466
39157,0.687741708363775
39159,-0.177811699392623
39161,0.0242981782835573
39163,0.040042608789928
39165,-0.0149031645495753
39167,0.735646946748179
39169,0.559552458756044
39171,0.0920407319375423
39173,0.211203091169102
39175,3.58641957944656
40001,0.9515040506479
40003,0.702039322666199
40005,0.8513853967894
40007,0.622518149400987
40009,0.936129507913859
40011,0.715724736650581
40013,0.357381574228158
40015,-0.177811699392623
40017,0.828261414197107
40019,-0.177811699392623
40021,-0.177811699392623
40023,0.742688655996844
40025,5.74406614717603
40027,-0.177811699392623
40029,2.20364491995642
40031,-0.0102283683136281
40033,3.73884620630568
40035,1.21214094273549
40037,0.614483409463153
40039,0.155737326167155
40041,-0.177811699392623
40043,1.77915725211736
40045,1.27974351696647
40047,0.978815781765261
40049,0.330958124995467
40051,-0.177811699392623
40053,1.73960526700564
40055,1.85820382443065
40057,3.00181541083942
40059,1.74331740387869
40061,0.634919714129114
40063,0.895657101564546
40065,0.123571014180906
40067,2.04504539296829
40069,0.858399421386319
40071,1.75207366416864
40073,1.9674284294894
40075,0.876148145274127
40077,2.31815016830308
40079,0.823858187586975
40081,0.24705579889432
40083,-0.177811699392623
40085,0.888122368882255
40087,2.01724172164351
40089,0.364666760271737
40091,3.54017028696504
40093,2.24789442325296
40095,0.465020436141803
40097,0.201570398068765
40099,0.975022007932761
40101,0.622171602994668
40103,1.53179032844651
40105,0.62836073303226
40107,1.1982670636636
40109,0.092285245059153
40111,-0.0822843745408407
40113,0.255223690745781
40115,-0.0159965922207911
40117,0.403250448785938
40119,1.39713106248854
40121,1.97656990998539
40123,0.464794301475833
40125,0.563591355534946
40127,0.968201665971924
40129,2.16278509030702
40131,-0.177811699392623
40133,0.202969400678004
40135,-0.00108383267291532
40137,-0.0838012729395891
40139,5.93072312900839
40141,1.82748313165233
40143,0.340362336145891
40145,0.638797382714781
40147,-0.161437230289357
40149,0.825429187416696
40151,3.32746530567687
40153,0.853001372857543
41001,0.822475905955169
41003,-0.177811699392623
41005,-0.153541719121914
41007,0.80248134689652
41009,-0.0225625285771148
41011,-0.177811699392623
41013,1.03413104812454
41015,0.461672364669222
41017,0.178592904623381
41019,0.480153449415128
41021,1.01161279742908
41023,2.27308293091271
41025,2.25018116244896
41027,0.53278746249563
41029,-0.0278590935869889
41031,2.78610084221965
41033,0.650718312461466
41035,0.710857539732686
41037,3.13028301592446
41039,-0.177811699392623
41041,1.90664759840552
41043,0.713050640270907
41045,2.50261710432117
41047,0.165711351339921
41049,0.695122215777684
41051,-0.0555184050098045
41053,-0.177811699392623
41055,3.48574321041595
41057,0.479864876765537
41059,1.03062778563384
41061,0.482165922939542
41063,0.373576737384076
41065,0.744841333584822
41067,-0.177811699392623
41069,1.41186684515544
41071,0.33508850396721
42001,0.450634456716074
42003,-0.0887031500724345
42005,0.985730642969417
42007,0.197837647655574
42009,1.02126783319658
42011,0.316771428535235
42013,0.29302006502259
42015,0.569192105682921
42017,-0.177811699392623
42019,0.0824656945859449
42021,0.164747393567581
42023,1.58593159602714
42025,-0.177811699392623
42027,0.483933762848972
42029,-0.177811699392623
42031,-0.0287929791052386
42033,0.516190969374905
42035,-0.0232585526551894
42037,1.23360754811439
42039,0.311432686485473
42041,0.0209025472793909
42043,0.367085284488587
42045,-0.0149644915131382
42047,0.175309523063579
42049,0.187965319155406
42051,0.099516113915485
42053,3.90467240735947
42055,0.0895766637788928
42057,1.7848668973177
42059,1.28469435725689
42061,-0.110684408951774
42063,0.607289103251661
42065,-0.177811699392623
42067,5.40326305540772
42069,-0.0531107196061044
42071,0.0075072436329407
42073,0.659654023823391
42075,0.227314185458137
42077,0.221079537425205
42079,-0.177811699392623
42081,0.343413365905308
42083,0.0737260484514985
42085,0.410793281197018
42087,1.89462223869983
42089,0.136243905976636
42091,-0.135341756097234
42093,4.81160579008204
42095,-0.0320738760860816
42097,0.450763761567321
42099,0.49458790437962
42101,-0.016589002993019
42103,-0.177811699392623
42105,-0.177811699392623
42107,0.113655501991622
42109,2.61489116490347
42111,0.790678043551266
42113,1.67775248443219
42115,-0.0987453986235696
42117,-0.0709836795027134
42119,-0.0828973454820086
42121,1.33332276163699
42123,0.0818920721910348
42125,0.0665809942418769
42127,-0.177811699392623
42129,-0.136923073254817
42131,-0.177811699392623
42133,0.00538316366619978
44001,-0.177811699392623
44003,-0.0168917273729058
44005,-0.177811699392623
44007,0.108425925278268
44009,0.281631152505811
45001,3.88765813400382
45003,0.594272052683482
45005,7.96420619332133
45007,0.653501294539902
45009,4.37259689289537
45011,4.53448377270485
45013,0.221063079453346
45015,0.57396204476712
45017,2.79795955411637
45019,0.189497929237582
45021,0.833825703796257
45023,-0.0774184177015767
45025,1.18991558055291
45027,2.67360040924137
45029,1.8347102135431
45031,2.34954335346647
45033,0.886038853130664
45035,0.856590714615622
45037,4.11020868263683
45039,4.13623969219584
45041,0.313717824340542
45043,1.13574336805402
45045,-0.0242527643549134
45047,1.31068528423339
45049,2.20096547767723
45051,0.269592690441214
45053,2.76208008017464
45055,0.405548903479882
45057,1.3251167293646
45059,1.5576244049922
45061,4.96709240766347
45063,0.146898357556445
45065,8.12027619127882
45067,2.88660424643252
45069,0.660897866635221
45071,-0.177811699392623
45073,0.808562543261946
45075,0.889359543120204
45077,0.255624110009042
45079,-0.0189839471794391
45081,1.8832058433923
45083,0.0200475718799076
45085,0.512126175429697
45087,1.18673949269263
45089,2.27843233108103
45091,0.64167764268889
46003,2.18078324149732
46005,0.526771900440987
46007,4.4352582098176
46009,3.42406087893419
46011,0.31278170433135
46013,-0.177811699392623
46015,0.902109751697043
46017,6.71945980893769
46019,1.67076186774067
46021,4.92613615079685
46023,1.97651920533408
46025,0.978783816420264
46027,1.35065122775745
46029,0.184202919065087
46031,2.54720508245841
46033,0.760301285235458
46035,0.841422738436271
46037,0.954509842302565
46039,1.12409930298988
46041,10.7305028766546
46043,1.44801184751057
46045,1.61469061854289
46047,2.42291680335685
46049,2.27620451908694
46051,0.618282194378963
46053,1.08016463491874
46055,3.6028205130577
46057,3.7081071799863
46059,2.69265235584668
46061,1.78268241051213
46063,2.39639455182973
46065,0.62691386966936
46067,0.8428967769277
46069,4.34500270115975
46071,4.96143426441983
46073,2.76471390256362
46075,4.6842036795945
46077,1.72533907876893
46079,1.10587098210625
46081,0.463039912195474
46083,-0.177811699392623
46085,2.41225419753278
46087,0.67204365587649
46089,3.10571721675352
46091,0.785808304245342
46093,5.14022198215732
46095,3.03805965227251
46097,2.44829668110187
46099,0.508637980013981
46101,1.65233988474577
46103,0.441941311905895
46105,1.48446905111513
46107,2.6074721985452
46109,4.32345681760343
46111,2.29510499285232
46113,3.87296793511219
46115,1.33472305510545
46117,2.86703663421873
46119,5.47017054160934
46121,4.20002114594966
46123,1.24935688178216
46125,0.165164947754851
46127,-0.0681423959762859
46129,1.81174029984597
46135,3.07760928910192
46137,2.69207311043012
47001,0.442323748578385
47003,0.657030159173248
47005,1.45851187380162
47007,-0.0423492548055522
47009,0.0719530528208998
47011,0.389710756387893
47013,-0.177811699392623
47015,0.136079057063586
47017,2.72282623540731
47019,0.906700591217247
47021,0.146440210131502
47023,0.25330935681606
47025,0.236945754198128
47027,1.13676787705782
47029,0.356562149898179
47031,1.44716337232823
47033,2.47689495474628
47035,-0.126546686632688
47037,0.140983267935253
47039,2.15591796683326
47041,1.0263075843136
47043,-0.137529637120432
47045,0.707610516360583
47047,0.0908701066448493
47049,1.91271795275033
47051,0.0280815374939309
47053,1.11081110071066
47055,0.107954645467425
47057,0.819343612871721
47059,0.667154508531188
47061,1.90547056398181
47063,0.576862491069489
47065,0.0699422247375423
47067,1.57629128830056
47069,1.8906202941258
47071,2.7564190195852
47073,1.91941160937477
47075,3.7584985206571
47077,2.45015625899989
47079,0.314466995066544
47081,0.406725234896714
47083,1.53377424618935
47085,1.52778468963889
47087,2.61605051150559
47089,-0.177811699392623
47091,0.480336918433811
47093,0.0529096767909419
47095,1.29452605998385
47097,4.97975059655028
47099,-0.0346055231697185
47101,3.02016819937488
47103,0.0892841695343479
47105,-0.177811699392623
47107,-0.166181223132131
47109,2.33863623599674
47111,1.99132546010022
47113,1.44112965473315
47115,0.234560494943856
47117,0.180140110147175
47119,0.394384800193235
47121,0.804353978306368
47123,1.49509019967497
47125,0.155701947649399
47127,1.78336987656549
47129,2.45729910427774
47131,0.0141423947181235
47133,1.26349271319193
47135,1.33832337094447
47137,2.37186418399703
47139,5.11386576547302
47141,0.783523575625651
47143,-0.177811699392623
47145,-0.177811699392623
47147,-0.177811699392623
47149,0.0301601910965409
47151,4.17461219659996
47153,1.96906857030257
47155,0.269151611156332
47157,0.0427721571555572
47159,1.341831302111
47161,2.36289159962067
47163,0.156231250338889
47165,0.247739297124663
47167,1.27645378622602
47169,2.79390844404539
47171,1.12452758887349
47173,1.22720831513695
47175,7.389769783434
47177,0.00415836548053758
47179,0.235075035482727
47181,0.833357660955959
47183,-0.177811699392623
47185,2.5996907363569
47187,-0.177811699392623
47189,0.474371625041698
48001,3.06166130869977
48003,9.11230652158794
48005,0.17419211320011
48007,3.15664842708142
48009,0.704926062869391
48011,2.88649686185581
48013,0.970949542465038
48015,1.49092301945651
48017,1.38079133444128
48019,1.70448650953725
48021,0.915303652281389
48023,2.20041231870872
48025,0.0679814633363405
48027,0.134712449279229
48029,-0.150038904140071
48031,2.13790679709406
48033,5.91758702779592
48035,1.22147405258411
48037,1.17161055295178
48039,-0.00570215034665166
48041,0.262986891543336
48043,2.70317085128586
48045,3.84247893037467
48047,3.3298224572
48049,1.25672470559926
48051,0.676525254614581
48053,0.00570110060847411
48055,0.406023954029081
48057,3.03871497308405
48059,0.0367264591281663
48061,0.0724362988615732
48063,3.14467552905877
48065,4.37063914866749
48067,0.124042006556916
48069,2.73543509460342
48071,0.72122967240479
48073,0.444114389185689
48075,3.45228379957031
48077,0.130506077112584
48079,3.69756166988956
48081,2.1134408467206
48083,0.775758449963792
48085,-0.138331739879904
48087,1.7974679129006
48089,1.84468715281868
48091,0.420553991058334
48093,0.18889789515467
48095,1.79109777089109
48097,-0.0235326025131009
48099,0.719481312995917
48101,4.25277840945776
48103,0.822543237515905
48105,2.55510126602652
48107,1.80738254855598
48109,5.37394082573509
48111,0.946377584024989
48113,-0.154072788607045
48115,2.78155278197008
48117,7.94012942770755
48119,1.84983733185741
48121,-0.0122868788213989
48123,0.879678186255165
48125,1.53821873544479
48127,6.23581419819163
48129,1.17549482015234
48131,3.72439659680953
48133,1.71793221339529
48135,1.31696819078515
48137,5.54015234655402
48139,0.508173736777754
48141,-0.0978774570807623
48143,0.135036040513458
48145,1.56374582467089
48147,0.178680322011367
48149,0.711236991433133
48151,2.23321419668525
48153,2.84853916197068
48155,5.5015352394687
48157,0.0434571860985273
48159,1.88092990446215
48161,2.53098433172709
48163,1.73723199963797
48165,0.460760643611026
48167,0.502744444916556
48169,2.53363111826106
48171,0.324899020938738
48173,3.3564437567386
48175,2.0766530195991
48177,3.93458603099852
48179,0.979115061891544
48181,0.352137365751725
48183,0.438491787210434
48185,0.594679081627337
48187,0.149105499489978
48189,1.18939490402345
48191,3.57314869328883
48193,2.93177113813213
48195,2.63807548398335
48197,1.23425959018426
48199,-0.177811699392623
48201,-0.164833333094707
48203,0.167279659928138
48205,0.818205114604784
48207,2.69471281560318
48209,0.23309511070876
48211,1.12537016599628
48213,0.471050931893754
48215,-0.0874956378516249
48217,0.146167806505817
48219,1.33450697487275
48221,-0.100258486402458
48223,0.0637189912379253
48225,1.49946138489203
48227,1.20384213272059
48229,2.10173774637757
48231,0.444383346144443
48233,3.91443233777253
48235,1.27819307037727
48237,0.536254878815452
48239,0.936659695098762
48241,0.153908775297121
48243,5.12312250868099
48245,0.160760003665314
48247,5.77041016780769
48249,0.0716060665253267
48251,0.241686579580556
48253,1.64359672898135
48255,1.88981542911594
48257,0.532738207453124
48259,0.364004087351393
48261,-0.177811699392623
48263,7.23549507698045
48265,-0.177811699392623
48267,2.16060007735541
48269,-0.177811699392623
48271,2.84215636380401
48273,0.433038103418955
48275,2.88160571979132
48277,-0.139334060042252
48279,1.68646491154995
48281,2.90003862575105
48283,2.2431296696541
48285,1.3284627750671
48287,1.35407812643521
48289,3.17018105769036
48291,0.471400408307421
48293,1.1111744479202
48295,1.72633325737934
48297,2.19855169774778
48299,0.266206185836396
48301,-0.177811699392623
48303,0.332660507217872
48305,1.93384756796536
48307,1.2286855566074
48309,0.530717412771657
48311,5.14911935580821
48313,2.56749527557119
48315,2.13569667005764
48317,2.975048439901
48319,1.89799207477413
48321,1.20161776629853
48323,3.09447262751808
48325,-0.177811699392623
48327,4.511511476826
48329,0.423922363742662
48331,1.44217165235419
48333,2.17709054072658
48335,1.26883653872433
48337,0.81791537215908
48339,-0.0668728760638302
48341,6.90023868546965
48343,3.04380514387039
48345,4.98309022583919
48347,0.652504378865865
48349,0.991218736701518
48351,2.15938640315476
48353,0.869731760216197
48355,0.121179197321316
48357,3.93832607024073
48359,2.75662632873577
48361,0.348780762924717
48363,0.290161055464469
48365,1.82901490346922
48367,0.336896685110299
48369,10.7889727609092
48371,3.74613852291614
48373,0.520019845182047
48375,0.321064070618799
48377,1.16850726503986
48379,0.430432493855259
48381,0.389264589643451
48383,2.30749587314563
48385,3.26692706145302
48387,2.99952600851335
48389,0.844049622068879
48391,2.00435519840676
48393,10.8087555329129
48395,2.17098408433216
48397,0.311402350582179
48399,0.770194154232885
48401,0.958292201946259
48403,0.844020386715231
48405,4.53068007106359
48407,0.826898010544569
48409,1.13279542050718
48411,1.41660221460406
48413,2.69433437232966
48415,0.345620214539598
48417,1.80171583545718
48419,2.45883724898567
48421,1.68164788314333
48423,0.538110796218162
48425,2.50365261130671
48427,2.28601569925441
48429,0.957233231527863
48431,2.28107227077014
48433,5.73678322735628
48435,2.87899073805148
48437,0.979314925087607
48439,-0.157477152006414
48441,0.228107204020436
48443,7.84020576307828
48445,1.84970603306696
48447,3.833521690936
48449,0.500005627694904
48451,0.711517155657675
48453,-0.110239980273918
48455,0.347731910356699
48457,3.41414491237598
48459,0.105487738930973
48461,3.87578410760994
48463,0.960351706592946
48465,1.7016044443598
48467,-0.134592520504226
48469,1.61726002375944
48471,0.538441523337685
48473,1.19864950667608
48475,1.10798264771023
48477,0.696026873256094
48479,0.314725929287316
48481,0.512870693469737
48483,5.81891816214187
48485,0.241167707005735
48487,1.94079335755222
48489,0.716574857065259
48491,-0.173082697574877
48493,0.859863870724382
48495,2.96903154755163
48497,0.607581474392753
48499,-0.0807280156166838
48501,1.09322463118743
48503,1.11816795402778
48505,4.83357918735544
48507,0.574965594206038
49001,1.30373393372388
49003,-0.0332051556251908
49005,0.527173070757285
49007,0.673857272431287
49009,3.18530148619205
49011,-0.148233171048385
49013,1.01805656266525
49015,2.73759947411134
49017,0.71659550575475
49019,1.52638016684296
49021,1.49883386473749
49023,1.9984905902577
49025,0.596173517214529
49027,1.76585314830403
49029,0.0449132084322989
49031,4.79886179129045
49033,1.07112914446308
49035,-0.168858020934466
49037,2.31729092415338
49039,0.801898883326671
49041,4.6039646755853
49043,-0.177811699392623
49045,1.84484086233339
49047,0.386298259166068
49049,0.0163868784401046
49051,0.768932892378112
49053,0.415658177200247
49055,1.90782048109345
49057,-0.040742262829655
50001,-0.177811699392623
50003,-0.0176437788620997
50005,0.126777536189154
50007,-0.177811699392623
50009,3.32950426252246
50011,1.62438022550598
50013,1.471524724188
50015,0.123145325910928
50017,0.194383213786787
50019,0.0984450241774713
50021,0.313042306826829
50023,0.234727594100506
50025,-0.152167272431608
50027,-0.177811699392623
51001,0.142822845914709
51003,0.40168611112939
51005,0.259972192784889
51007,0.636241314596902
51009,0.015395075053931
51011,2.82487579251355
51013,0.079212648165595
51015,0.251835224529287
51017,1.93478410090185
51019,-0.16662536406575
51021,2.77794278063954
51023,0.0589049762067534
51025,0.420551422404875
51027,0.116648817606242
51029,0.806906020203293
51031,-0.177811699392623
51033,0.973781051309264
51035,-0.177811699392623
51036,1.7989579866329
51037,1.30447372247391
51041,0.196513071936432
51043,1.19340246836863
51045,0.726236733608583
51047,-0.13914987500543
51049,2.77766805835018
51051,1.4436039552506
51053,0.584864542963308
51057,2.15206747044442
51059,-0.162425181304435
51061,-0.177811699392623
51063,1.87037765774543
51065,0.830916843781387
51067,-0.169370811637335
51069,-0.177811699392623
51071,0.905688241575747
51073,-0.0610203288905251
51075,2.29789882005563
51077,1.54609448706643
51079,0.736902676512126
51081,3.87469063898994
51083,-0.00822933410506731
51085,0.0775033640357347
51087,0.160395312315572
51089,0.379455322750575
51091,2.05709552683017
51093,0.0713502308567512
51095,-0.177811699392623
51097,4.14924661327465
51099,1.70713217958003
51101,1.18336143586975
51103,7.83253088531402
51105,3.82346269164555
51107,-0.121548036446677
51109,1.61835669213246
51111,2.77375162264172
51113,0.628462785225953
51115,1.33168014977222
51117,-0.0296220769987616
51119,1.06886464072825
51121,-0.177811699392623
51125,1.42764095579426
51127,1.46430970555452
51131,3.35996182116526
51133,5.17398446001743
51135,2.13242716579945
51137,0.538963114901495
51139,0.43635657782029
51141,1.04720343266203
51143,-0.177811699392623
51145,4.66507943253056
51147,3.66910825405532
51149,-0.177811699392623
51153,0.0569172119074511
51155,0.470461069042703
51157,2.4566313375794
51159,1.17158832235606
51161,0.459220678101425
51163,-0.177811699392623
51165,-0.177811699392623
51167,0.511884089034425
51169,0.549346248978732
51171,-0.012062197034799
51173,0.239572127182741
51175,2.37744254729409
51177,0.237748747671279
51179,0.204114684391334
51181,3.49554499363362
51183,1.80575426083715
51185,1.1262962060733
51187,-0.0692750574015873
51191,-0.131780065674922
51193,1.73498257783825
51195,1.33214374902239
51197,0.0821264289083397
51199,-0.168288190866383
51510,0.876484928846009
51515,1.83261021976548
51520,0.669967626667363
51530,1.07956908943409
51540,0.588923397361052
51550,0.330180217426386
51570,0.367083550343007
51580,1.984811469568
51590,2.68359509728865
51595,2.08325116469138
51600,5.53518648028409
51610,0.256454344550563
51620,1.27766576106401
51630,3.00101398205213
51640,0.947443309889375
51650,0.742732122461086
51660,0.0666186926773942
51670,3.87076202317973
51678,0.924984711474813
51680,0.97152668047693
51683,-0.0921072840294096
51685,0.0306963545500379
51690,8.15342778361413
51700,0.697232497827245
51710,0.438610655305324
51720,2.55777545583134
51730,3.30653166049834
51735,1.32190864928751
51740,0.81757464586991
51750,0.400956173883593
51760,1.18560536772749
51770,1.4215835918752
51775,0.164228626077806
51790,0.316146663519578
51800,1.87938392244291
51810,-0.0365774094476662
51820,0.810597395856659
51830,9.25436938780834
51840,0.20830912264935
53001,7.17750075976739
53003,0.220024428725288
53005,0.0491299799815313
53007,1.03313086936088
53009,-0.177811699392623
53011,-0.167610621794778
53013,2.16936345557906
53015,0.440679726115943
53017,0.0947432479433873
53019,0.974677978035059
53021,0.850580675205921
53023,2.95437934960096
53025,1.20450407140691
53027,0.967948218244182
53029,1.51231571243044
53031,-0.0108999178694644
53033,-0.123991140738937
53035,-0.148428178925005
53037,-0.0498664366737556
53039,1.28141635781944
53041,0.980538573262329
53043,1.08574137022398
53045,0.161759364450697
53047,0.550014801486443
53049,0.786779012691311
53051,1.49718540138895
53053,-0.159329535723445
53055,-0.00677121018722543
53057,0.296128128971719
53059,0.24541621139516
53061,-0.132143018399544
53063,-0.170060196578032
53065,-0.152850451377514
53067,-0.0294726406737754
53069,1.19640511713952
53071,-0.100546818641176
53073,0.0137676295057603
53075,-0.177811699392623
53077,0.175628629222726
54001,1.10116702056055
54003,0.508541460096447
54005,0.609311285607584
54007,1.7249829782328
54009,0.431659665458345
54011,0.531398230303405
54013,0.474057774722242
54015,0.536676057941125
54017,0.476195178965819
54019,-0.177811699392623
54021,0.670967509215562
54023,1.55972139427511
54025,-0.0988859676847881
54027,0.768742568803167
54029,-0.0523796872712217
54031,1.80656677515016
54033,0.629297837808541
54035,0.126945476424267
54037,-0.161824087982823
54039,-0.102780499564504
54041,5.78235656607326
54043,4.27363733746487
54045,1.60753380402316
54047,0.807012684021669
54049,0.854748190879014
54051,0.0193943919751571
54053,0.176001056362207
54055,0.633340598616824
54057,0.345464091822483
54059,0.404479626819723
54061,0.715510916214167
54063,0.106042623143899
54065,1.00834651784435
54067,0.14501762673577
54069,1.42050309723109
54071,0.622488592154437
54073,0.583898213785126
54075,1.78701150832025
54077,-0.177811699392623
54079,1.10313622927763
54081,0.578970729784279
54083,0.123286046451933
54085,0.107146582010658
54087,1.5790499279857
54089,1.64443332054325
54091,0.489986955513462
54093,0.557873328413679
54095,1.26196891594241
54097,0.493535225755532
54099,-0.0510829652070428
54101,0.259727182345073
54103,4.38175219014987
54105,2.93092565438659
54107,0.435501925438224
54109,0.721598601818479
55001,0.850857398738337
55003,0.232271655176135
55005,0.341344882925777
55007,1.17195171033804
55009,-0.0927793135821277
55011,0.0464463680672381
55013,0.650476427126057
55015,-0.123514229394087
55017,0.611031484232942
55019,0.250254366721417
55021,0.936898493430511
55023,0.831018070039386
55025,-0.0441087440539265
55027,0.528715422648859
55029,0.573508188131804
55031,-0.152671931020061
55033,-0.162401161560231
55035,0.405163040173912
55037,3.31220223528967
55039,0.51005513037109
55041,0.545348057387289
55043,-0.177811699392623
55045,0.190125815452866
55047,0.360915366936362
55049,0.670278775712258
55051,1.9732145594495
55053,1.01059699109619
55055,-0.177811699392623
55057,0.548138045736499
55059,0.0339537124941296
55061,1.07982348105021
55063,-0.0623021718482948
55065,1.99111547718586
55067,0.47778223000176
55069,0.0459728653346287
55071,0.52597204052486
55073,0.124677520508947
55075,-0.14633949575084
55077,0.830428049162127
55078,2.28982312594026
55079,0.112600687588035
55081,1.30585775823594
55083,0.048766067495102
55085,0.00352096977897107
55087,0.202396099864729
55089,-0.177811699392623
55091,1.31316309935885
55093,-0.0298376172510954
55095,1.69506075893812
55097,-0.177811699392623
55099,0.500082392546477
55101,0.305624891043021
55103,0.749752878621982
55105,0.00375280538218149
55107,1.27278990113182
55109,1.13229061734711
55111,-0.101832308134541
55113,0.570077244346147
55115,-0.128850719748768
55117,0.789975730054477
55119,0.782150059652315
55121,0.140170146933073
55123,0.330257555695803
55125,0.126573209502588
55127,0.520530221106501
55129,-0.125565422195856
55131,-0.177811699392623
55133,-0.177811699392623
55135,0.926202546980834
55137,1.4338206130521
55139,0.034790499565198
55141,-0.177811699392623
56001,0.2767057604221
56003,1.9050717598956
56005,0.0137392087549797
56007,1.48524362001116
56009,0.988152807908216
56011,3.99784114155523
56013,0.0236074538027138
56015,0.845270892138398
56017,0.746097519862897
56019,0.194052780508105
56021,0.45339999920596
56023,1.65369934279174
56025,1.11983576930242
56027,2.76047668097524
56029,0.64061973008512
56031,1.5554671138803
56033,0.334381141179575
56035,6.09531678592102
56037,1.40847003150893
56039,1.14924401335015
56041,3.3918949690307
56043,1.05291629660578
56045,3.28994224744255
